Date,Benchmark
1/4/2016,170.3721619
1/5/2016,170.6603241
1/6/2016,168.5075989
1/7/2016,164.464859
1/8/2016,162.6595612
1/11/2016,162.8205872
1/12/2016,164.1342926
1/13/2016,160.0406799
1/14/2016,162.6680145
1/15/2016,159.1761169
1/19/2016,159.388031
1/20/2016,157.3455353
1/21/2016,158.227005
1/22/2016,161.4730072
1/25/2016,159.0321045
1/26/2016,161.2018127
1/27/2016,159.447403
1/28/2016,160.2779999
1/29/2016,164.1851044
2/1/2016,164.1257935
2/2/2016,161.1679077
2/3/2016,162.1340942
2/4/2016,162.388382
2/5/2016,159.2948761
2/8/2016,157.1505585
2/9/2016,157.1590576
2/10/2016,157.023407
2/11/2016,154.9808807
2/12/2016,158.1761017
2/16/2016,160.8458862
2/17/2016,163.4731598
2/18/2016,162.8035736
2/19/2016,162.7273712
2/22/2016,165.0835266
2/23/2016,162.9985962
2/24/2016,163.7444305
2/25/2016,165.7276764
2/26/2016,165.346283
2/29/2016,164.0495148
3/1/2016,167.9058228
3/2/2016,168.660141
3/3/2016,169.321228
3/4/2016,169.8721008
3/7/2016,170.0077515
3/8/2016,168.1515808
3/9/2016,168.982254
3/10/2016,169.1177826
3/11/2016,171.8468475
3/14/2016,171.6265259
3/15/2016,171.3468323
3/16/2016,172.3384857
3/17/2016,173.4317474
3/18/2016,174.113327
3/21/2016,174.3603668
3/22/2016,174.2666931
3/23/2016,173.1165619
3/24/2016,173.0399017
3/28/2016,173.1422119
3/29/2016,174.7436523
3/30/2016,175.5104218
3/31/2016,175.0845184
4/1/2016,176.2771759
4/4/2016,175.7063599
4/5/2016,173.9514618
4/6/2016,175.8511963
4/7/2016,173.746994
4/8/2016,174.2155457
4/11/2016,173.8066254
4/12/2016,175.4252777
4/13/2016,177.1971893
4/14/2016,177.2057953
4/15/2016,177.0097656
4/18/2016,178.2536163
4/19/2016,178.8158569
4/20/2016,178.9862366
4/21/2016,178.0235748
4/22/2016,178.0235748
4/25/2016,177.7169037
4/26/2016,177.9809418
4/27/2016,178.3472748
4/28/2016,176.7286835
4/29/2016,175.7745819
5/2/2016,177.1716461
5/3/2016,175.6297302
5/4/2016,174.6500397
5/5/2016,174.6159058
5/6/2016,175.2548981
5/9/2016,175.399704
5/10/2016,177.5805511
5/11/2016,175.9193726
5/12/2016,175.970459
5/13/2016,174.4370422
5/16/2016,176.1578827
5/17/2016,174.5136871
5/18/2016,174.5648346
5/19/2016,173.9599762
5/20/2016,175.0589447
5/23/2016,174.8203888
5/24/2016,177.0864563
5/25/2016,178.2877045
5/26/2016,178.3387756
5/27/2016,179.1055145
5/31/2016,178.764679
6/1/2016,179.131073
6/2/2016,179.6762695
6/3/2016,179.1395569
6/6/2016,180.0511169
6/7/2016,180.3322449
6/8/2016,180.9200592
6/9/2016,180.6730499
6/10/2016,178.9606628
6/13/2016,177.5805511
6/14/2016,177.2312164
6/15/2016,176.9842529
6/16/2016,177.5123901
6/17/2016,176.8513336
6/20/2016,177.9902344
6/21/2016,178.4955444
6/22/2016,178.204361
6/23/2016,180.5250854
6/24/2016,174.0426178
6/27/2016,170.9254761
6/28/2016,174.0082855
6/29/2016,176.9712524
6/30/2016,179.3860779
7/1/2016,179.7628632
7/5/2016,178.4698639
7/6/2016,179.5402527
7/7/2016,179.428894
7/8/2016,182.1006927
7/11/2016,182.7429657
7/12/2016,184.0702972
7/13/2016,184.0446014
7/14/2016,185.0721893
7/15/2016,184.8238525
7/18/2016,185.3205414
7/19/2016,185.1321411
7/20/2016,185.9028473
7/21/2016,185.2006836
7/22/2016,186.0312958
7/25/2016,185.526062
7/26/2016,185.6117096
7/27/2016,185.4147339
7/28/2016,185.62883
7/29/2016,185.9285431
8/1/2016,185.7744293
8/2/2016,184.5840759
8/3/2016,185.1235657
8/4/2016,185.3205414
8/5/2016,186.8362579
8/8/2016,186.7249756
8/9/2016,186.8362579
8/10/2016,186.3738098
8/11/2016,187.2387238
8/12/2016,187.0760345
8/15/2016,187.6155396
8/16/2016,186.6478729
8/17/2016,186.9989319
8/18/2016,187.4185486
8/19/2016,187.1444855
8/22/2016,187.1360016
8/23/2016,187.5127869
8/24/2016,186.5536499
8/25/2016,186.4252319
8/26/2016,186.0740509
8/29/2016,186.990387
8/30/2016,186.6821289
8/31/2016,186.1511841
9/1/2016,186.1597443
9/2/2016,186.9989319
9/6/2016,187.5641632
9/7/2016,187.5470123
9/8/2016,187.118866
9/9/2016,182.6401978
9/12/2016,185.2606354
9/13/2016,182.5973969
9/14/2016,182.5288696
9/15/2016,184.3528748
9/16/2016,183.6402435
9/19/2016,183.6747284
9/20/2016,183.6832733
9/21/2016,185.7489014
9/22/2016,186.919342
9/23/2016,185.8951874
9/26/2016,184.3890533
9/27/2016,185.5337067
9/28/2016,186.4546509
9/29/2016,184.7677002
9/30/2016,186.1620331
10/3/2016,185.7144318
10/4/2016,184.7677002
10/5/2016,185.5853424
10/6/2016,185.7144318
10/7/2016,185.0775299
10/10/2016,186.0415802
10/11/2016,183.6918793
10/12/2016,183.9328766
10/13/2016,183.3304291
10/14/2016,183.4250641
10/17/2016,182.788208
10/18/2016,183.9328766
10/19/2016,184.4234619
10/20/2016,184.0792084
10/21/2016,184.1652222
10/24/2016,184.9484558
10/25/2016,184.3287811
10/26/2016,183.9586792
10/27/2016,183.4681091
10/28/2016,182.9259186
10/31/2016,182.9345245
11/1/2016,181.6090546
11/2/2016,180.516037
11/3/2016,179.6897736
11/4/2016,179.4918976
11/7/2016,183.450882
11/8/2016,184.2771149
11/9/2016,186.230835
11/10/2016,186.6956177
11/11/2016,186.2652893
11/14/2016,186.4115753
11/15/2016,187.8660889
11/16/2016,187.5132751
11/17/2016,188.4772339
11/18/2016,188.055481
11/21/2016,189.4755554
11/22/2016,189.8456573
11/23/2016,189.9489136
11/25/2016,190.6546326
11/28/2016,189.7595825
11/29/2016,190.1296234
11/30/2016,189.6734924
12/1/2016,188.9763489
12/2/2016,189.0710907
12/5/2016,190.2071075
12/6/2016,190.8095551
12/7/2016,193.3055267
12/8/2016,193.7788849
12/9/2016,194.9493561
12/12/2016,194.7256165
12/13/2016,196.0252075
12/14/2016,194.4071655
12/15/2016,195.20755
12/16/2016,194.8257904
12/19/2016,195.250061
12/20/2016,196.0031738
12/21/2016,195.4578094
12/22/2016,195.1201019
12/23/2016,195.4058533
12/27/2016,195.8906555
12/28/2016,194.2717438
12/29/2016,194.2284698
12/30/2016,193.5185699
1/3/2017,194.9989624
1/4/2017,196.1590424
1/5/2017,196.0031738
1/6/2017,196.704422
1/9/2017,196.0551605
1/10/2017,196.0551605
1/11/2017,196.6092529
1/12/2017,196.1157074
1/13/2017,196.565918
1/17/2017,195.8733368
1/18/2017,196.3062592
1/19/2017,195.5789795
1/20/2017,196.2976074
1/23/2017,195.7867432
1/24/2017,197.042099
1/25/2017,198.7475739
1/26/2017,198.5398254
1/27/2017,198.2281494
1/30/2017,196.9987793
1/31/2017,196.9814148
2/1/2017,197.0593872
2/2/2017,197.1892853
2/3/2017,198.5484924
2/6/2017,198.193512
2/7/2017,198.202179
2/8/2017,198.4619293
2/9/2017,199.6393585
2/10/2017,200.427124
2/13/2017,201.5179901
2/14/2017,202.3231201
2/15/2017,203.3793182
2/16/2017,203.2061615
2/17/2017,203.526474
2/21/2017,204.7385406
2/22/2017,204.5566406
2/23/2017,204.6952057
2/24/2017,204.9549255
2/27/2017,205.2752686
2/28/2017,204.7212067
3/1/2017,207.5867767
3/2/2017,206.279541
3/3/2017,206.4093781
3/6/2017,205.7946777
3/7/2017,205.1800385
3/8/2017,204.7991486
3/9/2017,205.0588531
3/10/2017,205.7773895
3/13/2017,205.8813171
3/14/2017,205.0934143
3/15/2017,206.8681946
3/16/2017,206.461319
3/17/2017,206.0987549
3/20/2017,205.8727112
3/21/2017,203.2294159
3/22/2017,203.7075806
3/23/2017,203.4902039
3/24/2017,203.342453
3/27/2017,203.133728
3/28/2017,204.611908
3/29/2017,204.8031158
3/30/2017,205.4553528
3/31/2017,204.9770813
4/3/2017,204.6206055
4/4/2017,204.7509918
4/5/2017,204.1423492
4/6/2017,204.7162323
4/7/2017,204.5075684
4/10/2017,204.6292725
4/11/2017,204.3858185
4/12/2017,203.4902039
4/13/2017,202.1685333
4/17/2017,203.9597015
4/18/2017,203.351059
4/19/2017,202.9772186
4/20/2017,204.6292725
4/21/2017,203.9771423
4/24/2017,206.2204895
4/25/2017,207.4203949
4/26/2017,207.2899475
4/27/2017,207.4638672
4/28/2017,207.011734
5/1/2017,207.5334015
5/2/2017,207.6116791
5/3/2017,207.3595276
5/4/2017,207.602951
5/5/2017,208.4203033
5/8/2017,208.3855591
5/9/2017,208.1942596
5/10/2017,208.5681305
5/11/2017,208.1420593
5/12/2017,207.7942352
5/15/2017,208.9420319
5/16/2017,208.7507324
5/17/2017,205.0466614
5/18/2017,205.8727112
5/19/2017,207.211731
5/22/2017,208.2638397
5/23/2017,208.7246094
5/24/2017,209.2115631
5/25/2017,210.2114716
5/26/2017,210.1679993
5/30/2017,209.9854126
5/31/2017,209.9332275
6/1/2017,211.6027222
6/2/2017,212.3070068
6/5/2017,212.1504974
6/6/2017,211.4722748
6/7/2017,211.8635712
6/8/2017,211.9678955
6/9/2017,211.6461945
6/12/2017,211.6027222
6/13/2017,212.6374359
6/14/2017,212.3679047
6/15/2017,211.9592285
6/16/2017,212.0054779
6/19/2017,213.7704773
6/20/2017,212.3287811
6/21/2017,212.2763672
6/22/2017,212.1802826
6/23/2017,212.4336243
6/26/2017,212.5734711
6/27/2017,210.8609314
6/28/2017,212.7482605
6/29/2017,210.8783569
6/30/2017,211.2715302
7/3/2017,211.6298065
7/5/2017,212.1191254
7/6/2017,210.1793365
7/7/2017,211.5424194
7/10/2017,211.7695923
7/11/2017,211.6123047
7/12/2017,213.2025452
7/13/2017,213.5607605
7/14/2017,214.5568542
7/17/2017,214.5305939
7/18/2017,214.6442261
7/19/2017,215.8063354
7/20/2017,215.90242
7/21/2017,215.7102356
7/24/2017,215.6577911
7/25/2017,216.1819916
7/26/2017,216.1907806
7/27/2017,215.9897919
7/28/2017,215.7363892
7/31/2017,215.6140594
8/1/2017,216.0946503
8/2/2017,216.1994781
8/3/2017,215.7801208
8/4/2017,216.1732635
8/7/2017,216.5752258
8/8/2017,216.0422821
8/9/2017,216.0335083
8/10/2017,212.9841309
8/11/2017,213.2986298
8/14/2017,215.4131165
8/15/2017,215.3868866
8/16/2017,215.7625732
8/17/2017,212.3987122
8/18/2017,212.0666351
8/21/2017,212.2326965
8/22/2017,214.4520264
8/23/2017,213.6830902
8/24/2017,213.1850586
8/25/2017,213.6830902
8/28/2017,213.691864
8/29/2017,213.9364777
8/30/2017,214.9500427
8/31/2017,216.2431641
9/1/2017,216.548996
9/5/2017,214.9937286
9/6/2017,215.7276306
9/7/2017,215.7014465
9/8/2017,215.4481049
9/11/2017,217.7460327
9/12/2017,218.4799347
9/13/2017,218.5848389
9/14/2017,218.5148926
9/15/2017,218.8090363
9/18/2017,219.2744751
9/19/2017,219.493988
9/20/2017,219.5729828
9/21/2017,218.9846954
9/22/2017,219.028595
9/25/2017,218.5807953
9/26/2017,218.7124786
9/27/2017,219.564209
9/28/2017,219.8276367
9/29/2017,220.6004181
10/2/2017,221.5574951
10/3/2017,222.0316467
10/4/2017,222.2950592
10/5/2017,223.6121521
10/6/2017,223.3575134
10/9/2017,222.9887543
10/10/2017,223.5770111
10/11/2017,223.928299
10/12/2017,223.5946655
10/13/2017,223.866806
10/16/2017,224.1653748
10/17/2017,224.3234558
10/18/2017,224.5429688
10/19/2017,224.6043701
10/20/2017,225.7634735
10/23/2017,224.8853912
10/24/2017,225.2805176
10/25/2017,224.1653748
10/26/2017,224.4551697
10/27/2017,226.2902985
10/30/2017,225.4473724
10/31/2017,225.798584
11/1/2017,226.0971832
11/2/2017,226.1849518
11/3/2017,226.9401245
11/6/2017,227.2912903
11/7/2017,227.133255
11/8/2017,227.5196686
11/9/2017,226.6942749
11/10/2017,226.6239777
11/13/2017,226.8347015
11/14/2017,226.3079224
11/15/2017,225.1751404
11/16/2017,227.0893555
11/17/2017,226.4220428
11/20/2017,226.8084106
11/21/2017,228.2923431
11/22/2017,228.0904083
11/24/2017,228.6172028
11/27/2017,228.503067
11/28/2017,230.821228
11/29/2017,230.6807404
11/30/2017,232.7003174
12/1/2017,232.2173157
12/4/2017,231.9364014
12/5/2017,231.1022034
12/6/2017,231.1460876
12/7/2017,231.8749542
12/8/2017,233.1393738
12/11/2017,233.8418579
12/12/2017,234.2544861
12/13/2017,234.2281952
12/14/2017,233.2711182
12/15/2017,235.2136383
12/18/2017,236.7051392
12/19/2017,235.7961884
12/20/2017,235.6725616
12/21/2017,236.1579742
12/22/2017,236.0961456
12/26/2017,235.8138123
12/27/2017,235.9285889
12/28/2017,236.4139252
12/29/2017,235.5224915
1/2/2018,237.2081757
1/3/2018,238.7085724
1/4/2018,239.7147064
1/5/2018,241.3121796
1/8/2018,241.7533875
1/9/2018,242.3006592
1/10/2018,241.9299622
1/11/2018,243.6950836
1/12/2018,245.2837219
1/16/2018,244.4453278
1/17/2018,246.7753143
1/18/2018,246.3604431
1/19/2018,247.4812775
1/22/2018,249.4936218
1/23/2018,250.0231018
1/24/2018,249.9260406
1/25/2018,250.0319977
1/26/2018,252.9266815
1/29/2018,251.2498779
1/30/2018,248.6729126
1/31/2018,248.7963715
2/1/2018,248.5139771
2/2/2018,243.1038055
2/5/2018,232.9365387
2/6/2018,237.5259857
2/7/2018,236.237381
2/8/2018,227.3764343
2/9/2018,230.7919312
2/12/2018,234.1809845
2/13/2018,234.763504
2/14/2018,237.9319153
2/15/2018,240.9678955
2/16/2018,241.0386047
2/20/2018,239.5293274
2/21/2018,238.3378296
2/22/2018,238.6468201
2/23/2018,242.4506531
2/26/2018,245.266098
2/27/2018,242.2035522
2/28/2018,239.7500305
3/1/2018,236.2638397
3/2/2018,237.481781
3/5/2018,240.2265778
3/6/2018,240.835556
3/7/2018,240.747345
3/8/2018,241.9123383
3/9/2018,246.1221924
3/12/2018,245.8132324
3/13/2018,244.2246552
3/14/2018,242.9713898
3/15/2018,242.7066498
3/16/2018,242.9698792
3/19/2018,239.6822815
3/20/2018,240.0899811
3/21/2018,239.6291504
3/22/2018,233.6391296
3/23/2018,228.659256
3/26/2018,234.9151306
3/27/2018,230.918808
3/28/2018,230.2364655
3/29/2018,233.17836
4/2/2018,228.1452789
4/3/2018,231.069397
4/4/2018,233.5417175
4/5/2018,235.3847961
4/6/2018,230.1390076
4/9/2018,231.2732086
4/10/2018,234.9506073
4/11/2018,233.7188873
4/12/2018,235.6416931
4/13/2018,234.9506073
4/16/2018,236.8822632
4/17/2018,239.4165039
4/18/2018,239.593811
4/19/2018,238.2646179
4/20/2018,236.2442169
4/23/2018,236.2088165
4/24/2018,233.0277252
4/25/2018,233.6036835
4/26/2018,235.9784851
4/27/2018,236.1999664
4/30/2018,234.3834534
5/1/2018,234.799942
5/2/2018,233.2226715
5/3/2018,232.7087402
5/4/2018,235.7214813
5/7/2018,236.5189972
5/8/2018,236.5189972
5/9/2018,238.8050842
5/10/2018,241.0380249
5/11/2018,241.7735748
5/14/2018,241.8888092
5/15/2018,240.2228546
5/16/2018,241.2330322
5/17/2018,241.0292511
5/18/2018,240.4266968
5/21/2018,242.2344208
5/22/2018,241.5608978
5/23/2018,242.2254791
5/24/2018,241.7292938
5/25/2018,241.1533508
5/29/2018,238.3797607
5/30/2018,241.5608978
5/31/2018,240.0811005
6/1/2018,242.4382019
6/4/2018,243.5901031
6/5/2018,243.7672577
6/6/2018,245.8053436
6/7/2018,245.7787323
6/8/2018,246.5054169
6/11/2018,246.8332672
6/12/2018,247.1522064
6/13/2018,246.3635406
6/14/2018,246.9838715
6/15/2018,246.668808
6/18/2018,246.1613617
6/19/2018,245.2179718
6/20/2018,245.6363525
6/21/2018,244.0963898
6/22/2018,244.5414734
6/25/2018,241.2125854
6/26/2018,241.7466583
6/27/2018,239.7439575
6/28/2018,241.1146851
6/29/2018,241.4618378
7/2/2018,241.9780273
7/3/2018,241.1235352
7/5/2018,243.0906677
7/6/2018,245.1467743
7/9/2018,247.3541718
7/10/2018,248.2442169
7/11/2018,246.4284515
7/12/2018,248.6625366
7/13/2018,248.8584137
7/16/2018,248.6358795
7/17/2018,249.6416168
7/18/2018,250.1667786
7/19/2018,249.2232819
7/20/2018,248.9385376
7/23/2018,249.4013519
7/24/2018,250.6563873
7/25/2018,252.7925262
7/26/2018,252.1961823
7/27/2018,250.4872284
7/30/2018,249.1788788
7/31/2018,250.407135
8/1/2018,249.9886627
8/2/2018,251.350647
8/3/2018,252.4276276
8/6/2018,253.3533325
8/7/2018,254.1900177
8/8/2018,254.0832062
8/9/2018,253.7360992
8/10/2018,252.035965
8/13/2018,251.092453
8/14/2018,252.6946564
8/15/2018,250.8076477
8/16/2018,252.8370514
8/17/2018,253.7271423
8/20/2018,254.2701111
8/21/2018,254.8664246
8/22/2018,254.7151184
8/23/2018,254.3769531
8/24/2018,255.9077606
8/27/2018,257.9283752
8/28/2018,258.0529785
8/29/2018,259.4415894
8/30/2018,258.3911743
8/31/2018,258.4000549
9/4/2018,257.9550476
9/5/2018,257.2607117
9/6/2018,256.4864197
9/7/2018,255.9878998
9/10/2018,256.4329529
9/11/2018,257.2785645
9/12/2018,257.3408508
9/13/2018,258.8628845
9/14/2018,258.9073792
9/17/2018,257.5366821
9/18/2018,258.9341431
9/19/2018,259.2100525
9/20/2018,261.3106689
9/21/2018,261.0718689
9/24/2018,260.2046204
9/25/2018,259.9631653
9/26/2018,259.1853333
9/27/2018,259.9094543
9/28/2018,259.9363403
10/1/2018,260.8394165
10/2/2018,260.687439
10/3/2018,260.8304443
10/4/2018,258.7918396
10/5/2018,257.3434753
10/8/2018,257.3434753
10/9/2018,256.9679565
10/10/2018,248.8315125
10/11/2018,243.3506012
10/12/2018,246.7303925
10/15/2018,245.3444672
10/16/2018,250.7090912
10/17/2018,250.7538147
10/18/2018,247.1327362
10/19/2018,246.9985504
10/22/2018,245.8899231
10/23/2018,244.6381073
10/24/2018,237.2259369
10/25/2018,241.4818726
10/26/2018,237.2348175
10/29/2018,235.920517
10/30/2018,239.4165192
10/31/2018,241.9737549
11/1/2018,244.5487518
11/2/2018,243.1002197
11/5/2018,244.4414825
11/6/2018,245.9882507
11/7/2018,251.2545776
11/8/2018,250.7985382
11/9/2018,248.3486633
11/12/2018,243.7082214
11/13/2018,243.2522888
11/14/2018,241.5892639
11/15/2018,244.110611
11/16/2018,244.7454224
11/19/2018,240.6056824
11/20/2018,236.1530151
11/21/2018,236.9576569
11/23/2018,235.3750763
11/26/2018,239.1750641
11/27/2018,239.9797974
11/28/2018,245.5053864
11/29/2018,244.9688873
11/30/2018,246.4621277
12/3/2018,249.7255859
12/4/2018,241.6338348
12/6/2018,241.2673645
12/7/2018,235.6612549
12/10/2018,236.1083221
12/11/2018,236.1618805
12/12/2018,237.3511047
12/13/2018,237.2706146
12/14/2018,232.8894958
12/17/2018,228.3206024
12/18/2018,228.0702362
12/19/2018,224.6546783
12/20/2018,220.9978027
12/21/2018,216.4696655
12/24/2018,210.7498779
12/26/2018,221.3980103
12/27/2018,223.0977325
12/28/2018,222.8099365
12/31/2018,224.7614899
1/2/2019,224.9953308
1/3/2019,219.6263123
1/4/2019,226.9828491
1/7/2019,228.7725372
1/8/2019,230.921936
1/9/2019,232.0011292
1/10/2019,232.8195648
1/11/2019,232.9094543
1/14/2019,231.4885101
1/15/2019,234.14151
1/16/2019,234.7080994
1/17/2019,236.4888
1/18/2019,239.6365051
1/22/2019,236.3988647
1/23/2019,236.8935089
1/24/2019,237.0193939
1/25/2019,239.0249176
1/28/2019,237.2082672
1/29/2019,236.8935089
1/30/2019,240.6437073
1/31/2019,242.7572021
2/1/2019,242.874115
2/4/2019,244.58284
2/5/2019,245.6080475
2/6/2019,245.2843475
2/7/2019,242.9459991
2/8/2019,243.2428131
2/11/2019,243.3777008
2/12/2019,246.50737
2/13/2019,247.3077087
2/14/2019,246.7592316
2/15/2019,249.4481659
2/19/2019,249.8799896
2/20/2019,250.3834991
2/21/2019,249.4931641
2/22/2019,251.0400391
2/25/2019,251.3817139
2/26/2019,251.2019043
2/27/2019,251.0940094
2/28/2019,250.6263428
3/1/2019,252.1912384
3/4/2019,251.2738495
3/5/2019,250.9320984
3/6/2019,249.4122009
3/7/2019,247.3257599
3/8/2019,246.831192
3/11/2019,250.4104767
3/12/2019,251.3547668
3/13/2019,253.0186005
3/14/2019,252.85672
3/15/2019,254.1058655
3/18/2019,255.0273132
3/19/2019,255.0905914
3/20/2019,254.3226776
3/21/2019,257.1952515
3/22/2019,252.2451172
3/25/2019,252.0555573
3/26/2019,253.9342651
3/27/2019,252.6064758
3/28/2019,253.5639954
3/29/2019,255.162796
4/1/2019,258.1887512
4/2/2019,258.3152771
4/3/2019,258.7218018
4/4/2019,259.4082336
4/5/2019,260.6639099
4/8/2019,260.8625793
4/9/2019,259.5256958
4/10/2019,260.4109192
4/11/2019,260.338623
4/12/2019,262.1001587
4/15/2019,261.9285583
4/16/2019,262.1001587
4/17/2019,261.4588013
4/18/2019,261.9736938
4/22/2019,262.1994934
4/23/2019,264.5571594
4/24/2019,263.9698792
4/25/2019,263.8072815
4/26/2019,265.0358887
4/29/2019,265.451355
4/30/2019,265.586792
5/1/2019,263.5904846
5/2/2019,263.0215149
5/3/2019,265.5958557
5/6/2019,264.5028992
5/7/2019,260.0857544
5/8/2019,259.7244263
5/9/2019,258.9385986
5/10/2019,260.2392883
5/13/2019,253.6994019
5/14/2019,255.9938049
5/15/2019,257.4932556
5/16/2019,259.8780212
5/17/2019,258.197876
5/20/2019,256.4907227
5/21/2019,258.8030701
5/22/2019,258.0082397
5/23/2019,254.8557739
5/24/2019,255.4337769
5/28/2019,253.0581512
5/29/2019,251.3600006
5/30/2019,252.0464172
5/31/2019,248.6501007
6/3/2019,248.0176392
6/4/2019,253.4013977
6/5/2019,255.5963593
6/6/2019,257.2584534
6/7/2019,259.8328857
6/10/2019,261.025177
6/11/2019,260.9619751
6/12/2019,260.5012512
6/13/2019,261.5761414
6/14/2019,261.2871094
6/17/2019,261.3864746
6/18/2019,264.1235046
6/19/2019,264.719574
6/20/2019,267.2489319
6/21/2019,266.8604431
6/24/2019,266.5336609
6/25/2019,263.9194946
6/26/2019,263.6562805
6/27/2019,264.591156
6/28/2019,265.9527283
7/1/2019,268.367157
7/2/2019,269.0661011
7/3/2019,271.2172546
7/5/2019,270.9086304
7/8/2019,269.4200745
7/9/2019,269.7559814
7/10/2019,271.0448303
7/11/2019,271.6802368
7/12/2019,272.8964539
7/15/2019,272.9873352
7/16/2019,272.1069031
7/17/2019,270.255188
7/18/2019,271.2445068
7/19/2019,269.737793
7/22/2019,270.4003906
7/23/2019,272.3337708
7/24/2019,273.6136475
7/25/2019,272.3065796
7/26/2019,274.1309814
7/29/2019,273.6317749
7/30/2019,272.960083
7/31/2019,269.9737549
8/1/2019,267.6228333
8/2/2019,265.6077881
8/5/2019,257.6201172
8/6/2019,261.2327576
8/7/2019,261.3869934
8/8/2019,266.5154724
8/9/2019,264.7001038
8/12/2019,261.4777527
8/13/2019,265.5442505
8/14/2019,257.6928101
8/15/2019,258.3735352
8/16/2019,262.1858215
8/19/2019,265.344635
8/20/2019,263.3113403
8/21/2019,265.4535217
8/22/2019,265.3718262
8/23/2019,258.5550537
8/26/2019,261.4142761
8/27/2019,260.3885498
8/28/2019,262.222168
8/29/2019,265.5715027
8/30/2019,265.4535217
9/3/2019,263.9013367
9/4/2019,266.8966675
9/5/2019,270.3277588
9/6/2019,270.5365906
9/9/2019,270.6726685
9/10/2019,270.6091919
9/11/2019,272.5334473
9/12/2019,273.4773865
9/13/2019,273.295929
9/16/2019,272.4517212
9/17/2019,273.1416321
9/18/2019,273.3049927
9/19/2019,273.2868347
9/20/2019,271.9956665
9/23/2019,271.9317627
9/24/2019,269.7979736
9/25/2019,271.3937683
9/26/2019,270.8283997
9/27/2019,269.3693848
9/30/2019,270.6187134
10/1/2019,267.3997192
10/2/2019,262.676239
10/3/2019,264.8282471
10/4/2019,268.4118958
10/7/2019,267.2538452
10/8/2019,263.1047974
10/9/2019,265.6033325
10/10/2019,267.3997192
10/11/2019,270.171814
10/14/2019,269.8709106
10/15/2019,272.5426941
10/16/2019,272.1051025
10/17/2019,272.9075623
10/18/2019,271.7129822
10/21/2019,273.5548096
10/22/2019,272.6613159
10/23/2019,273.4546509
10/24/2019,273.9014282
10/25/2019,275.0230408
10/28/2019,276.5732117
10/29/2019,276.4911194
10/30/2019,277.3392334
10/31/2019,276.600647
11/1/2019,279.1630249
11/4/2019,280.2846375
11/5/2019,279.9746094
11/6/2019,280.0384216
11/7/2019,281.0231934
11/8/2019,281.7162476
11/11/2019,281.1782227
11/12/2019,281.7709045
11/13/2019,281.8621521
11/14/2019,282.272522
11/15/2019,284.315094
11/18/2019,284.5249023
11/19/2019,284.4427795
11/20/2019,283.3850403
11/21/2019,282.9291382
11/22/2019,283.5582581
11/25/2019,285.7559509
11/26/2019,286.4032593
11/27/2019,287.6799316
11/29/2019,286.6130676
12/2/2019,284.1783752
12/3/2019,282.272522
12/4/2019,284.0141907
12/5/2019,284.5249023
12/6/2019,287.1236267
12/9/2019,286.2208862
12/10/2019,285.9017944
12/11/2019,286.7133179
12/12/2019,289.1845398
12/13/2019,289.3578491
12/16/2019,291.3457642
12/17/2019,291.4095459
12/18/2019,291.4277039
12/19/2019,292.6223755
12/20/2019,293.9052124
12/23/2019,294.3542175
12/24/2019,294.3634338
12/26/2019,295.930481
12/27/2019,295.8570557
12/30/2019,294.2259216
12/31/2019,294.9407043
1/2/2020,297.6990356
1/3/2020,295.4447327
1/6/2020,296.5718994
1/7/2020,295.7379761
1/8/2020,297.3141479
1/9/2020,299.3301392
1/10/2020,298.4687195
1/13/2020,300.5213318
1/14/2020,300.0631714
1/15/2020,300.7413025
1/16/2020,303.243042
1/17/2020,304.1868591
1/21/2020,303.591217
1/22/2020,303.6278076
1/23/2020,303.9761047
1/24/2020,301.2727356
1/27/2020,296.4436035
1/28/2020,299.5500183
1/29/2020,299.3026123
1/30/2020,300.2739868
1/31/2020,294.8215637
2/3/2020,297.0117798
2/4/2020,301.5385132
2/5/2020,305.0206604
2/6/2020,306.0470276
2/7/2020,304.4159241
2/10/2020,306.6885376
2/11/2020,307.2200317
2/12/2020,309.1993713
2/13/2020,308.8695068
2/14/2020,309.3643494
2/18/2020,308.5671082
2/19/2020,310.0423889
2/20/2020,308.7687378
2/21/2020,305.5888977
2/24/2020,295.4539185
2/25/2020,286.5010681
2/26/2020,285.4472046
2/27/2020,272.6272888
2/28/2020,271.481842
3/2/2020,283.2388306
3/3/2020,275.1289978
3/4/2020,286.6934204
3/5/2020,277.1632996
3/6/2020,272.5814819
3/9/2020,251.2944183
3/10/2020,264.2975159
3/11/2020,251.4134521
3/12/2020,227.3589172
3/13/2020,246.7949982
3/16/2020,219.7897644
3/17/2020,231.656662
3/18/2020,219.9272156
3/19/2020,220.3945465
3/20/2020,210.8968506
3/23/2020,205.5045929
3/24/2020,224.1239777
3/25/2020,227.4791718
3/26/2020,240.7616425
3/27/2020,233.5904083
3/30/2020,241.1763306
3/31/2020,237.5815277
4/1/2020,226.8892365
4/2/2020,232.1247559
4/3/2020,228.7696228
4/6/2020,244.1351624
4/7/2020,244.384079
4/8/2020,252.5876312
4/9/2020,256.4313354
4/13/2020,254.0901031
4/14/2020,261.5839844
4/15/2020,256.0257874
4/16/2020,257.2609253
4/17/2020,264.210968
4/20/2020,259.5560608
4/21/2020,251.6751862
4/22/2020,257.2609253
4/23/2020,257.2424927
4/24/2020,260.8281555
4/27/2020,264.5888672
4/28/2020,263.3721619
4/29/2020,270.2668457
4/30/2020,267.7505493
5/1/2020,260.6622314
5/4/2020,261.3812561
5/5/2020,263.7961426
5/6/2020,262.0079956
5/7/2020,265.1696167
5/8/2020,269.5570984
5/11/2020,269.6123962
5/12/2020,264.2385559
5/13/2020,259.5653381
5/14/2020,262.6716614
5/15/2020,263.8791199
5/18/2020,271.9168091
5/19/2020,269.1238708
5/20/2020,273.6958313
5/21/2020,271.8061829
5/22/2020,272.3223877
5/26/2020,275.6775513
5/27/2020,279.7793274
5/28/2020,279.263092
5/29/2020,280.5075684
6/1/2020,281.6412659
6/2/2020,283.9732971
6/3/2020,287.752533
6/4/2020,286.9966125
6/5/2020,294.3522034
6/8/2020,297.9102173
6/9/2020,295.6887817
6/10/2020,294.0387878
6/11/2020,277.0877991
6/12/2020,280.4060669
6/15/2020,283.0239258
6/16/2020,288.4714966
6/17/2020,287.2731934
6/18/2020,287.3838501
6/19/2020,285.7414856
6/22/2020,287.5744934
6/23/2020,288.8983765
6/24/2020,281.5289307
6/25/2020,284.5471191
6/26/2020,277.7886963
6/29/2020,281.871521
6/30/2020,285.4821777
7/1/2020,287.4819336
7/2/2020,289.065094
7/6/2020,293.5274658
7/7/2020,290.500061
7/8/2020,292.7220764
7/9/2020,291.055542
7/10/2020,294.0274353
7/13/2020,291.4814148
7/14/2020,295.2587585
7/15/2020,297.9713135
7/16/2020,296.9899902
7/17/2020,297.8509521
7/20/2020,300.2580872
7/21/2020,300.8968506
7/22/2020,302.6096497
7/23/2020,298.999054
7/24/2020,297.0733032
7/27/2020,299.2398071
7/28/2020,297.3417969
7/29/2020,300.9987793
7/30/2020,299.9248047
7/31/2020,302.2948303
8/3/2020,304.3964844
8/4/2020,305.5722046
8/5/2020,307.4700928
8/6/2020,309.5254517
8/7/2020,309.7476196
8/10/2020,310.6734009
8/11/2020,308.1089172
8/12/2020,312.4047546
8/13/2020,311.8399353
8/14/2020,311.8492432
8/17/2020,312.8397827
8/18/2020,313.5156555
8/19/2020,312.2102966
8/20/2020,313.182373
8/21/2020,314.293396
8/24/2020,317.4780884
8/25/2020,318.5890503
8/26/2020,321.7831726
8/27/2020,322.4867249
8/28/2020,324.5697632
8/31/2020,323.3939819
9/1/2020,326.4399719
9/2/2020,331.1615906
9/3/2020,319.7648621
9/4/2020,317.1541138
9/8/2020,308.4884949
9/9/2020,314.5803528
9/10/2020,309.1180725
9/11/2020,309.2754517
9/14/2020,313.3490295
9/15/2020,314.9321594
9/16/2020,313.682312
9/17/2020,310.9234314
9/18/2020,307.343811
9/21/2020,303.9231873
9/22/2020,307.0184937
9/23/2020,299.8983765
9/24/2020,300.6978149
9/25/2020,305.5591736
9/28/2020,310.6343079
9/29/2020,308.9425964
9/30/2020,311.2850647
10/1/2020,313.2834473
10/2/2020,310.3089905
10/5/2020,315.8117371
10/6/2020,311.3221436
10/7/2020,316.7412109
10/8/2020,319.5483704
10/9/2020,322.4020081
10/12/2020,327.5886536
10/13/2020,325.4507141
10/14/2020,323.4058533
10/15/2020,323.0061951
10/16/2020,322.8109436
10/19/2020,317.9031677
10/20/2020,319.1765747
10/21/2020,318.5723877
10/22/2020,320.3198853
10/23/2020,321.4074402
10/26/2020,315.4677429
10/27/2020,314.380249
10/28/2020,303.6350403
10/29/2020,306.7210388
10/30/2020,303.5235291
11/2/2020,306.9255676
11/3/2020,312.3447266
11/4/2020,319.3253479
11/5/2020,325.5530396
11/6/2020,325.4786682
11/9/2020,329.568512
11/10/2020,329.0851135
11/11/2020,331.5297546
11/12/2020,328.3137512
11/13/2020,332.8590393
11/16/2020,337.0139771
11/17/2020,335.2013855
11/18/2020,331.1672363
11/19/2020,332.5615845
11/20/2020,330.2841797
11/23/2020,332.2641602
11/24/2020,337.6181946
11/25/2020,337.0976257
11/27/2020,338.036438
11/30/2020,336.5398254
12/1/2020,340.2207336
12/2/2020,340.9364014
12/3/2020,340.8435059
12/4/2020,343.7807617
12/7/2020,343.0743713
12/8/2020,344.0783081
12/9/2020,340.9923096
12/10/2020,340.8806763
12/11/2020,340.4810181
12/14/2020,338.956543
12/15/2020,343.5391235
12/16/2020,344.0783081
12/17/2020,346.0022888
12/18/2020,344.6207581
12/21/2020,343.3885803
12/22/2020,342.8098145
12/23/2020,343.1178894
12/24/2020,344.4527283
12/28/2020,347.4118347
12/29/2020,346.749054
12/30/2020,347.2438354
12/31/2020,349.0081482
1/4/2021,344.2567749
1/5/2021,346.6278076
1/6/2021,348.7000427
1/7/2021,353.8809509
1/8/2021,355.8972473
1/11/2021,353.4981384
1/12/2021,353.5728455
1/13/2021,354.5249634
1/14/2021,353.2834167
1/15/2021,350.7070007
1/19/2021,353.4608765
1/20/2021,358.3522339
1/21/2021,358.6789856
1/22/2021,357.4093323
1/25/2021,358.8190002
1/26/2021,358.2588196
1/27/2021,349.5029602
1/28/2021,352.508728
1/29/2021,345.4516602
2/1/2021,351.2017822
2/2/2021,356.1678772
2/3/2021,356.4479675
2/4/2021,360.4992676
2/5/2021,361.9181213
2/8/2021,364.5318298
2/9/2021,364.2891235
2/10/2021,364.1303711
2/11/2021,364.7185364
2/12/2021,366.5201416
2/16/2021,366.2027588
2/17/2021,366.2867432
2/18/2021,364.7279663
2/19/2021,364.0837708
2/22/2021,361.2832947
2/23/2021,361.7221069
2/24/2021,365.7080078
2/25/2021,356.8959656
2/26/2021,355.0570984
3/1/2021,363.6636658
3/2/2021,360.8259583
3/3/2021,356.0464783
3/4/2021,351.6405945
3/5/2021,358.1095276
3/8/2021,356.3266602
3/9/2021,361.4140625
3/10/2021,363.6636658
3/11/2021,367.3509521
3/12/2021,367.8456726
3/15/2021,370.0393372
3/16/2021,369.5725708
3/17/2021,370.8328247
3/18/2021,365.4373779
3/19/2021,364.7611694
3/22/2021,367.6737671
3/23/2021,364.7799072
3/24/2021,362.9254456
3/25/2021,364.9672241
3/26/2021,370.8486633
3/29/2021,370.6612854
3/30/2021,369.6779785
3/31/2021,371.1763916
4/1/2021,375.1847534
4/5/2021,380.5697937
4/6/2021,380.3450928
4/7/2021,380.7852173
4/8/2021,382.5927429
4/9/2021,385.3742371
4/12/2021,385.514801
4/13/2021,386.6572876
4/14/2021,385.3368225
4/15/2021,389.4762268
4/16/2021,390.7780457
4/19/2021,388.8581238
4/20/2021,386.0111389
4/21/2021,389.6635437
4/22/2021,386.1047668
4/23/2021,390.2910461
4/26/2021,391.1058044
4/27/2021,391.0215759
4/28/2021,390.9091797
4/29/2021,393.4002686
4/30/2021,390.8154907
5/3/2021,391.6584473
5/4/2021,389.242157
5/5/2021,389.3638611
5/6/2021,392.473175
5/7/2021,395.3295593
5/10/2021,391.4148865
5/11/2021,387.9216003
5/12/2021,379.6801147
5/13/2021,384.2409973
5/14/2021,390.1412659
5/17/2021,389.148468
5/18/2021,385.7956848
5/19/2021,384.7842712
5/20/2021,388.9237366
5/21/2021,388.6052856
5/24/2021,392.5668335
5/25/2021,391.6958923
5/26/2021,392.473175
5/27/2021,392.6792297
5/28/2021,393.3815918
6/1/2021,393.0351563
6/2/2021,393.6532288
6/3/2021,392.1921997
6/4/2021,395.7791138
6/7/2021,395.3951721
6/8/2021,395.4794922
6/9/2021,394.8893433
6/10/2021,396.7250061
6/11/2021,397.3806152
6/14/2021,398.2704163
6/15/2021,397.5398254
6/16/2021,395.3201904
6/17/2021,395.1891785
6/18/2021,389.8578491
6/21/2021,395.4390869
6/22/2021,397.5531921
6/23/2021,397.0739441
6/24/2021,399.4229431
6/25/2021,400.8417358
6/28/2021,401.6498108
6/29/2021,401.8659058
6/30/2021,402.2041626
7/1/2021,404.4309998
7/2/2021,407.5222778
7/6/2021,406.7799683
7/7/2021,408.2176208
7/8/2021,404.8913574
7/9/2021,409.2135925
7/12/2021,410.6793518
7/13/2021,409.2793579
7/14/2021,409.8900452
7/15/2021,408.4900818
7/16/2021,405.2860718
7/19/2021,399.3007813
7/20/2021,405.0229797
7/21/2021,408.3021545
7/22/2021,409.157196
7/23/2021,413.3666077
7/26/2021,414.3813782
7/27/2021,412.4928284
7/28/2021,412.3237
7/29/2021,414.0336914
7/30/2021,412.0229492
8/2/2021,411.1584778
8/3/2021,414.5034485
8/4/2021,412.4645691
8/5/2021,415.0766602
8/6/2021,415.7626038
8/9/2021,415.4242554
8/10/2021,415.9410706
8/11/2021,416.9746399
8/12/2021,418.2243042
8/13/2021,418.9854126
8/16/2021,419.9719543
8/17/2021,417.2189636
8/18/2021,412.6523743
8/19/2021,413.2913818
8/20/2021,416.5800476
8/23/2021,420.2444458
8/24/2021,420.9115601
8/25/2021,421.7947998
8/26/2021,419.3049011
8/27/2021,423.053772
8/30/2021,424.9142761
8/31/2021,424.284729
9/1/2021,424.5102844
9/2/2021,425.8162842
9/3/2021,425.7129211
9/7/2021,424.1908264
9/8/2021,423.6740112
9/9/2021,421.8605652
9/10/2021,418.5343933
9/13/2021,419.6054688
9/14/2021,417.3410034
9/15/2021,420.8269348
9/16/2021,420.1598816
9/17/2021,416.0671387
9/20/2021,409.129425
9/21/2021,408.7430115
9/22/2021,412.7302246
9/23/2021,417.7449646
9/24/2021,418.4330444
9/27/2021,417.2359009
9/28/2021,408.8278503
9/29/2021,409.5159912
9/30/2021,404.5107117
10/1/2021,409.3179321
10/4/2021,404.0393982
10/5/2021,408.2433777
10/6/2021,409.940155
10/7/2021,413.4842834
10/8/2021,412.7302246
10/11/2021,409.742218
10/12/2021,408.733551
10/13/2021,410.204071
10/14/2021,417.1039429
10/15/2021,420.2804871
10/18/2021,421.5247803
10/19/2021,424.7767944
10/20/2021,426.4452515
10/21/2021,427.5574951
10/22/2021,427.1144409
10/25/2021,429.4049377
10/26/2021,429.7914124
10/27/2021,427.8873901
10/28/2021,432.0160522
10/29/2021,432.8926392
11/1/2021,433.6373291
11/2/2021,435.3905029
11/3/2021,438.0487366
11/4/2021,440.1129761
11/5/2021,441.6399841
11/8/2021,442.0170593
11/9/2021,440.5559998
11/10/2021,437.0118408
11/11/2021,437.1532288
11/12/2021,440.4522705
11/15/2021,440.6031189
11/16/2021,442.3469849
11/17/2021,441.2723694
11/18/2021,442.7711487
11/19/2021,441.9794006
11/22/2021,440.7351685
11/23/2021,441.3196411
11/24/2021,442.4978027
11/26/2021,432.6286926
11/29/2021,437.9355774
11/30/2021,429.4143982
12/1/2021,424.6448059
12/2/2021,431.1487732
12/3/2021,427.3972473
12/6/2021,432.4591064
12/7/2021,441.4044189
12/8/2021,442.5732727
12/9/2021,439.585144
12/10/2021,443.723114
12/13/2021,439.7924805
12/14/2021,436.7666931
12/15/2021,443.5912476
12/16/2021,439.6794739
12/17/2021,435
12/20/2021,430.3744202
12/21/2021,438.0174561
12/22/2021,442.3970642
12/23/2021,445.1496887
12/27/2021,451.4494934
12/28/2021,451.0805359
12/29/2021,451.6576843
12/30/2021,450.4089966
12/31/2021,449.2738647
1/3/2022,451.8751526
1/4/2022,451.7237854
1/5/2022,443.0497131
1/6/2022,442.6334534
1/7/2022,440.8835754
1/10/2022,440.3349304
1/11/2022,444.3456116
1/12/2022,445.546936
1/13/2022,439.4079285
1/14/2022,439.5877075
1/18/2022,431.8027039
1/19/2022,427.3191223
1/20/2022,422.5895081
1/21/2022,414.2937622
1/24/2022,416.0531616
1/25/2022,410.9735718
1/26/2022,409.9425659
1/27/2022,407.9182434
1/28/2022,418.0491028
1/31/2022,425.5785828
2/1/2022,428.4541626
2/2/2022,432.6162415
2/3/2022,422.4476013
2/4/2022,424.434082
2/7/2022,423.0718994
2/8/2022,426.5529175
2/9/2022,432.7959595
2/10/2022,425.0204773
2/11/2022,416.6396484
2/14/2022,415.2774963
2/15/2022,421.9746399
2/16/2022,422.4476013
2/17/2022,413.423584
2/18/2022,410.7466125
2/22/2022,406.3385925
2/23/2022,399.1306763
2/24/2022,405.1372375
2/25/2022,414.0762024
2/28/2022,413.0167847
3/1/2022,406.7264709
3/2/2022,414.2085876
3/3/2022,412.1465454
3/4/2022,408.7980042
3/7/2022,396.7469788
3/8/2022,393.7389526
3/9/2022,404.2954407
3/10/2022,402.4697876
3/11/2022,397.352417
3/14/2022,394.4484253
3/15/2022,403.1224976
3/16/2022,412.0613708
3/17/2022,417.2166748
3/18/2022,421.7863464
3/21/2022,421.6630554
3/22/2022,426.5971375
3/23/2022,421.1031494
3/24/2022,427.4510498
3/25/2022,429.5385742
3/28/2022,432.5938721
3/29/2022,437.9454651
3/30/2022,435.2411194
3/31/2022,428.5422363
4/1/2022,429.7567139
4/4/2022,433.4382935
4/5/2022,427.9634399
4/6/2022,423.6841125
4/7/2022,425.8190613
4/8/2022,424.6804504
4/11/2022,417.4216309
4/12/2022,415.875061
4/13/2022,420.6382446
4/14/2022,415.4004822
4/18/2022,415.5712891
4/19/2022,422.2797546
4/20/2022,421.9666138
4/21/2022,415.6567383
4/22/2022,404.2514648
4/25/2022,406.5951843
4/26/2022,394.8197937
4/27/2022,395.9299622
4/28/2022,405.9309387
4/29/2022,390.9294128
5/2/2022,393.2826538
5/3/2022,395.0855103
5/4/2022,407.1169739
5/5/2022,392.6468811
5/6/2022,390.3032532
5/9/2022,377.8067932
5/10/2022,378.6797791
5/11/2022,372.664032
5/12/2022,372.2749939
5/13/2022,381.175293
5/16/2022,379.6286011
5/17/2022,387.4376831
5/18/2022,371.819458
5/19/2022,369.5422363
5/20/2022,369.7035522
5/23/2022,376.6207275
5/24/2022,373.745697
5/25/2022,377.047699
5/26/2022,384.5816345
5/27/2022,394.0227966
5/31/2022,391.8119202
6/1/2022,388.6427612
6/2/2022,396.0438538
6/3/2022,389.5441895
6/6/2022,390.7302246
6/7/2022,394.478241
6/8/2022,390.1893921
6/9/2022,380.9095459
6/10/2022,369.8648682
6/13/2022,355.8217163
6/14/2022,354.7495422
6/15/2022,359.8069763
6/16/2022,347.8987732
6/17/2022,348.6487427
6/21/2022,357.4255981
6/22/2022,356.7774963
6/23/2022,360.2748718
6/24/2022,371.7294312
6/27/2022,370.3095093
6/28/2022,362.7430115
6/29/2022,362.4476013
6/30/2022,359.5029602
7/1/2022,363.3052673
7/5/2022,363.991394
7/6/2022,365.2206726
7/7/2022,370.6906433
7/8/2022,370.3856812
7/11/2022,366.154541
7/12/2022,362.9144897
7/13/2022,361.0085754
7/14/2022,360.1319275
7/15/2022,367.0122681
7/18/2022,363.981781
7/19/2022,373.8163452
7/20/2022,376.1987305
7/21/2022,380.0296631
7/22/2022,376.5037231
7/25/2022,376.9610901
7/26/2022,372.5012207
7/27/2022,382.1737671
7/28/2022,386.9671631
7/29/2022,392.6086121
8/1/2022,391.4460449
8/2/2022,388.8635559
8/3/2022,394.9529419
8/4/2022,394.6861267
8/5/2022,394.0190125
8/8/2022,393.561615
8/9/2022,391.9987793
8/10/2022,400.2323914
8/11/2022,400.2323914
8/12/2022,407.0078735
8/15/2022,408.6850281
8/16/2022,409.4855042
8/17/2022,406.5790405
8/18/2022,407.7606812
8/19/2022,402.281189
8/22/2022,393.9047241
8/23/2022,392.9517517
8/24/2022,394.2096863
8/25/2022,399.7748413
8/26/2022,386.2428894
8/29/2022,383.6889343
8/30/2022,379.4768982
8/31/2022,376.589447
9/1/2022,377.7712097
9/2/2022,373.7878113
9/6/2022,372.3774109
9/7/2022,379.0671692
9/8/2022,381.5448608
9/9/2022,387.4722595
9/12/2022,391.6365967
9/13/2022,374.6073303
9/14/2022,376.0368042
9/15/2022,371.7674866
9/16/2022,368.9313354
9/19/2022,371.7923889
9/20/2022,367.5246887
9/21/2022,361.113678
9/22/2022,358.0803833
9/23/2022,352.08078
9/26/2022,348.5978088
9/27/2022,347.7079468
9/28/2022,354.5495911
9/29/2022,347.1434021
9/30/2022,341.7753296
10/3/2022,350.7986145
10/4/2022,361.6686707
10/5/2022,360.8266296
10/6/2022,357.1044312
10/7/2022,347.1434021
10/10/2022,344.4928284
10/11/2022,342.3111572
10/12/2022,341.1820374
10/13/2022,350.1861877
10/14/2022,342.2058716
10/17/2022,350.9996033
10/18/2022,355.1236572
10/19/2022,352.6071472
10/20/2022,349.6503601
10/21/2022,358.1473999
10/24/2022,362.5298462
10/25/2022,368.3189087
10/26/2022,365.5439453
10/27/2022,363.5919189
10/28/2022,372.2420959
10/31/2022,369.5532532
11/1/2022,367.9360962
11/2/2022,358.7023926
11/3/2022,355.0089111
11/4/2022,360.1185608
11/7/2022,363.5632629
11/8/2022,365.5248413
11/9/2022,357.9942932
11/10/2022,377.6676025
11/11/2022,381.3228455
11/14/2022,378.079071
11/15/2022,381.3037109
11/16/2022,378.3948059
11/17/2022,377.236969
11/18/2022,378.9498291
11/21/2022,377.5719299
11/22/2022,382.6528931
11/23/2022,385.0642395
11/25/2022,384.9780884
11/28/2022,378.8349304
11/29/2022,378.1842957
11/30/2022,390.09729
12/1/2022,389.8102722
12/2/2022,389.3605957
12/5/2022,382.3562012
12/6/2022,376.8446655
12/7/2022,376.2035522
12/8/2022,379.1506653
12/9/2022,376.3183594
12/12/2022,381.7438354
12/13/2022,384.6336365
12/14/2022,382.174408
12/15/2022,372.8258057
12/16/2022,368.4241638
12/19/2022,365.3000183
12/20/2022,365.7999573
12/21/2022,371.2695618
12/22/2022,365.9729614
12/23/2022,368.0780945
12/27/2022,366.6266174
12/28/2022,362.0702209
12/29/2022,368.5875854
12/30/2022,367.6166382
1/3/2023,366.0690613
1/4/2023,368.8952026
1/5/2023,364.6848145
1/6/2023,373.0478516
1/9/2023,372.8363647
1/10/2023,375.4510193
1/11/2023,380.199646
1/12/2023,381.5838928
1/13/2023,383.0641785
1/17/2023,382.3625183
1/18/2023,376.3258057
1/19/2023,373.5861816
1/20/2023,380.5457458
1/23/2023,385.1117554
1/24/2023,384.6984253
1/25/2023,384.8426208
1/26/2023,389.0721436
1/27/2023,389.9661255
1/30/2023,385.0733032
1/31/2023,390.7351379
2/1/2023,394.8877563
2/2/2023,400.6361694
2/3/2023,396.3777466
2/6/2023,393.9553528
2/7/2023,399.1077576
2/8/2023,394.7436523
2/9/2023,391.3215027
2/10/2023,392.2347107
2/13/2023,396.8391113
2/14/2023,396.6565247
2/15/2023,397.9446716
2/16/2023,392.4654236
2/17/2023,391.4849548
2/21/2023,383.6314087
2/22/2023,383.1026917
2/23/2023,385.140564
2/24/2023,381.0263367
2/27/2023,382.3240662
2/28/2023,380.9110107
3/1/2023,379.4498901
3/2/2023,382.4009094
3/3/2023,388.533844
3/6/2023,388.803009
3/7/2023,382.8431396
3/8/2023,383.4679565
3/9/2023,376.3931274
3/10/2023,370.9619141
3/13/2023,370.433197
3/14/2023,376.5565186
3/15/2023,374.2013855
3/16/2023,380.7667847
3/17/2023,376.3146362
3/20/2023,379.9331055
3/21/2023,384.9218445
3/22/2023,378.36026
3/23/2023,379.3831177
3/24/2023,381.8726501
3/27/2023,382.5866699
3/28/2023,381.7279663
3/29/2023,387.2762756
3/30/2023,389.5439148
3/31/2023,395.0343323
4/3/2023,396.5396423
4/4/2023,394.3395996
4/5/2023,393.3070984
4/6/2023,394.8413391
4/10/2023,395.246582
4/11/2023,395.3527832
4/12/2023,393.741333
4/13/2023,398.971283
4/14/2023,397.9966736
4/17/2023,399.4248047
4/18/2023,399.6853027
4/19/2023,399.6177368
4/20/2023,397.4370728
4/21/2023,397.7458496
4/24/2023,398.1607361
4/25/2023,391.8403931
4/26/2023,390.1806946
4/27/2023,397.9484253
4/28/2023,401.3450317
5/1/2023,400.9397583
5/2/2023,396.4335022
5/3/2023,393.7124023
5/4/2023,390.9237061
5/5/2023,398.1607361
5/8/2023,398.2668152
5/9/2023,396.5203247
5/10/2023,398.3730164
5/11/2023,397.6782837
5/12/2023,397.1572266
5/15/2023,398.5273743
5/16/2023,395.8642273
5/17/2023,400.6695557
5/18/2023,404.5292969
5/19/2023,403.9406433
5/22/2023,404.1046753
5/23/2023,399.5695496
5/24/2023,396.6747131
5/25/2023,400.1098328
5/26/2023,405.2915649
5/30/2023,405.4459534
5/31/2023,403.1976929
6/1/2023,407.0284729
6/2/2023,412.9146423
6/5/2023,412.1233215
6/6/2023,413.0207214
6/7/2023,411.5925903
6/8/2023,414.0821533
6/9/2023,414.8251343
6/12/2023,418.5883789
6/13/2023,421.3480835
6/14/2023,421.849884
6/15/2023,427.0798035
6/16/2023,425.6250305
6/20/2023,423.4168701
6/21/2023,421.2473755
6/22/2023,422.7679443
6/23/2023,419.5718689
6/26/2023,417.8575745
6/27/2023,422.4386597
6/28/2023,422.6517944
6/29/2023,424.3175659
6/30/2023,429.3247986
7/3/2023,429.8187866
7/5/2023,429.1795959
7/6/2023,425.8187866
7/7/2023,424.7436829
7/10/2023,425.8187866
7/11/2023,428.5306396
7/12/2023,431.9785461
7/13/2023,435.407135
7/14/2023,435.1359253
7/17/2023,436.6467896
7/18/2023,439.8913269
7/19/2023,440.8695679
7/20/2023,437.9446411
7/21/2023,437.9446411
7/24/2023,439.901062
7/25/2023,441.1020203
7/26/2023,441.1697693
7/27/2023,438.244873
7/28/2023,442.5354004
7/31/2023,443.3780212
8/1/2023,442.109314
8/2/2023,435.959198
8/3/2023,434.7097778
8/4/2023,432.7436523
8/7/2023,436.5209351
8/8/2023,434.6226501
8/9/2023,431.7170715
8/10/2023,431.8720093
8/11/2023,431.6202087
8/14/2023,434.0028076
8/15/2023,428.947113
8/16/2023,425.7994385
8/17/2023,422.5548706
8/18/2023,422.7582397
8/21/2023,425.5088501
8/22/2023,424.3563232
8/23/2023,429.0826721
8/24/2023,423.1360168
8/25/2023,426.1189575
8/28/2023,428.821228
8/29/2023,435.0197449
8/30/2023,436.8115234
8/31/2023,436.1722717
9/1/2023,436.9858398
9/5/2023,435.0971985
9/6/2023,432.1722412
9/7/2023,430.8453674
9/8/2023,431.4942932
9/11/2023,434.3320923
9/12/2023,431.9494934
9/13/2023,432.4531555
9/14/2023,436.1819458
9/15/2023,430.9266663
9/18/2023,431.1793823
9/19/2023,430.2851868
9/20/2023,426.3294373
9/21/2023,419.2828979
9/22/2023,418.3401184
9/25/2023,420.0993347
9/26/2023,413.9274902
9/27/2023,414.0927429
9/28/2023,416.4934387
9/29/2023,415.4826355
10/2/2023,415.3174133
10/3/2023,409.7579346
10/4/2023,412.7417603
10/5/2023,412.5862732
10/6/2023,417.4848328
10/9/2023,420.1576233
10/10/2023,422.3444824
10/11/2023,424.0745239
10/12/2023,421.4892273
10/13/2023,419.389801
10/16/2023,423.8023682
10/17/2023,423.7829285
10/18/2023,418.1360168
10/19/2023,414.4621277
10/20/2023,409.3691711
10/23/2023,408.659668
10/24/2023,411.7406616
10/25/2023,405.8313293
10/26/2023,400.9716492
10/27/2023,399.1541138
10/30/2023,403.9263611
10/31/2023,406.4630432
11/1/2023,410.7978821
11/2/2023,418.6706238
11/3/2023,422.4902954
11/6/2023,423.4622192
11/7/2023,424.6673889
11/8/2023,424.9783936
11/9/2023,421.6641235
11/10/2023,428.2441101
11/13/2023,427.835907
11/14/2023,436.1362
11/15/2023,437.0595703
11/16/2023,437.5942078
11/17/2023,438.1384277
11/20/2023,441.5110474
11/21/2023,440.5487976
11/22/2023,442.2496948
11/24/2023,442.5218201
11/27/2023,441.7248535
11/28/2023,442.1622009
11/29/2023,441.8511963
11/30/2023,443.5909424
12/1/2023,446.2151794
12/4/2023,443.8728638
12/5/2023,443.7853699
12/6/2023,441.9970093
12/7/2023,445.3696594
12/8/2023,447.2843628
12/11/2023,449.0241089
12/12/2023,451.0748596
12/13/2023,457.2952271
12/14/2023,458.7629395
12/15/2023,458.0075684
12/18/2023,460.5838623
12/19/2023,463.3845825
12/20/2023,456.9633484
12/21/2023,461.2962952
12/22/2023,462.2233276
12/26/2023,464.1750793
12/27/2023,465.0142822
12/28/2023,465.1899414
12/29/2023,463.8432617
1/2/2024,461.247467
1/3/2024,457.4805298
1/4/2024,456.006958
1/5/2024,456.6315918
1/8/2024,463.1504517
1/9/2024,462.4478149
1/10/2024,465.0631104
1/11/2024,464.8582153
1/12/2024,465.1801758
1/16/2024,463.4724426
1/17/2024,460.8961487
1/18/2024,464.994751
1/19/2024,470.7914429
1/22/2024,471.7868958
1/23/2024,473.1628723
1/24/2024,473.6800842
1/25/2024,476.2564392
1/26/2024,475.6513672
1/29/2024,479.4182434
1/30/2024,479.0473938
1/31/2024,471.2306519
2/1/2024,477.3982239
2/2/2024,482.4239807
2/5/2024,480.6673584
2/6/2024,482.0628967
2/7/2024,486.0834961
2/8/2024,486.2981262
2/9/2024,489.1087036
2/12/2024,488.8940125
2/13/2024,482.1604614
2/14/2024,486.5421143
2/15/2024,489.8991699
2/16/2024,487.4594727
2/20/2024,484.7757874
2/21/2024,485.2149353
2/22/2024,495.2566833
2/23/2024,495.5982971
2/26/2024,493.7831116
2/27/2024,494.7004089
2/28/2024,494.0466003
2/29/2024,495.8227539
3/1/2024,500.4776306
3/4/2024,499.9408569
3/5/2024,494.944397
3/6/2024,497.4524841
3/7/2024,502.3903198
3/8/2024,499.3749084
3/11/2024,498.9455566
3/12/2024,504.3128967
3/13/2024,503.5223389
3/14/2024,502.526947
3/15/2024,499.076355
3/18/2024,502.0423889
3/19/2024,504.8323669
3/20/2024,509.5016479
3/21/2024,511.1854858
3/22/2024,510.2162781
3/25/2024,508.8067017
3/26/2024,507.8669739
3/27/2024,512.1349487
3/28/2024,512.0371094
4/1/2024,511.1462402
4/2/2024,507.8963623
4/3/2024,508.4542542
4/4/2024,502.2479858
4/5/2024,507.4949036
4/8/2024,507.7788391
4/9/2024,508.3661499
4/10/2024,503.2758484
4/11/2024,507.0740051
4/12/2024,500.0748291
4/15/2024,493.8098145
4/16/2024,492.9091797
4/17/2024,489.9920654
4/18/2024,488.9838257
4/19/2024,484.7157898
4/22/2024,489.1795959
4/23/2024,494.9844971
4/24/2024,494.7495728
4/25/2024,492.8700256
4/26/2024,497.5395203
4/29/2024,499.3014832
4/30/2024,491.3919373
5/1/2024,489.7963562
5/2/2024,494.3775635
5/3/2024,500.5055847
5/6/2024,505.6741333
5/7/2024,506.2321777
5/8/2024,506.2810669
5/9/2024,509.1981812
5/10/2024,509.8540955
5/13/2024,509.9226685
5/14/2024,512.262207
5/15/2024,518.6055908
5/16/2024,517.5384521
5/17/2024,518.2824097
5/20/2024,518.8796997
5/21/2024,520.1522217
5/22/2024,518.654541
5/23/2024,514.8660889
5/24/2024,518.2727661
5/28/2024,518.6349487
5/29/2024,515.0031738
5/30/2024,511.5867004
5/31/2024,516.24646
6/3/2024,516.6673584
6/4/2024,517.2449341
6/5/2024,523.3924561
6/6/2024,523.3825684
6/7/2024,522.7463379
6/10/2024,524.3614502
6/11/2024,525.6243286
6/12/2024,529.9413452
6/13/2024,531.0083008
6/14/2024,531.3314209
6/17/2024,535.5601807
6/18/2024,536.9208374
6/20/2024,535.4624023
6/21/2024,534.7443848
6/24/2024,533.0061035
6/25/2024,535.0587158
6/26/2024,535.7265015
6/27/2024,536.571106
6/28/2024,534.4595947
7/1/2024,535.5596313
7/2/2024,539.1637573
7/3/2024,541.5698242
7/5/2024,544.692749
7/8/2024,545.3212891
7/9/2024,545.8516846
7/10/2024,551.2529907
7/11/2024,546.4997559
7/12/2024,549.9468384
7/15/2024,551.4592285
7/16/2024,554.7294922
7/17/2024,546.9515381
7/18/2024,542.74823
7/19/2024,539.144104
7/22/2024,544.7026978
7/23/2024,543.8482666
7/24/2024,531.5232544
7/25/2024,528.7537842
7/26/2024,534.6757813
7/29/2024,534.9899292
7/30/2024,532.279541
7/31/2024,540.9314575
8/1/2024,533.2713013
8/2/2024,523.3426514
8/5/2024,508.1010132
8/6/2024,512.7855225
8/7/2024,509.3580627
8/8/2024,521.1329956
8/9/2024,523.4310303
8/12/2024,523.7060547
8/13/2024,532.3187866
8/14/2024,533.9980469
8/15/2024,543.1508789
8/16/2024,544.3686523
8/19/2024,549.5736084
8/20/2024,548.6799316
8/21/2024,550.5654907
8/22/2024,546.2443848
8/23/2024,552.0484009
8/26/2024,550.7324219
8/27/2024,551.4886475
8/28/2024,548.2871704
8/29/2024,548.3361206
8/30/2024,553.5706177
9/3/2024,542.1787109
9/4/2024,541.0689697
9/5/2024,539.7530518
9/6/2024,530.6688232
9/9/2024,536.6102905
9/10/2024,538.9477539
9/11/2024,544.4766846
9/12/2024,549.0629883
9/13/2024,551.930542
9/16/2024,552.7457275
9/17/2024,552.9716187
9/18/2024,551.331604
9/19/2024,560.7397461
9/20/2024,559.7704468
9/23/2024,561.1691284
9/24/2024,562.7748413
9/25/2024,561.5336304
9/26/2024,563.7600098
9/27/2024,562.9423218
9/30/2024,565.1981812
10/1/2024,560.1349487
10/2/2024,560.3713379
10/3/2024,559.3468018
10/4/2024,564.4298096
10/7/2024,559.3270874
10/8/2024,564.6169434
10/9/2024,568.527832
10/10/2024,567.5328369
10/11/2024,570.9312744
10/14/2024,575.6005859
10/15/2024,571.128418
10/16/2024,573.6107788
10/17/2024,573.6599121
10/18/2024,575.8665771
10/21/2024,574.9208984
10/22/2024,574.6155396
10/23/2024,569.3650513
10/24/2024,570.5964355
10/25/2024,570.399353
10/28/2024,572.1627197
10/29/2024,573.088623
10/30/2024,571.3549194
10/31/2024,560.1546631
11/1/2024,562.5187378
11/4/2024,561.3070068
11/5/2024,568.0943604
11/6/2024,582.2203369
11/7/2024,586.7221069
11/8/2024,589.2637329
11/11/2024,589.8251343
11/12/2024,587.9929199
11/13/2024,588.2786255
11/14/2024,584.4958496
11/15/2024,577.0092163
11/18/2024,579.3734741
11/19/2024,581.491333
11/20/2024,581.6884155
11/21/2024,584.8109741
11/22/2024,586.6237183
11/25/2024,588.6134644
11/26/2024,591.6869507
11/27/2024,589.894043
11/29/2024,593.5585938
12/2/2024,594.6224365
12/3/2024,594.8981934
12/4/2024,598.5922852
12/5/2024,597.6071777
12/6/2024,598.7401123
12/9/2024,595.6567383
12/10/2024,593.8048706
12/11/2024,598.3953247
12/12/2024,595.3120117
12/13/2024,595.1938477
12/16/2024,597.7353516
12/17/2024,595.272583
12/18/2024,577.5313721
12/19/2024,577.3539429
12/20/2024,584.2886353
12/23/2024,587.7875366
12/24/2024,594.3207397
12/26/2024,594.3603516
12/27/2024,588.1037598
12/30/2024,581.3925781
12/31/2024,579.2774048
1/2/2025,577.854126
1/3/2025,585.0792847
1/6/2025,588.449707
1/7/2025,581.7978516
1/8/2025,582.6478882
1/10/2025,573.7523193
1/13/2025,574.6419067
1/14/2025,575.4326172
1/15/2025,585.8997192
1/16/2025,584.7728882
1/17/2025,590.6439819
1/21/2025,596.050415
1/22/2025,599.401123
1/23/2025,602.6727295
1/24/2025,600.9133301
1/27/2025,592.413208
1/28/2025,597.503418
1/29/2025,594.8248901
1/30/2025,598.017395
1/31/2025,594.8347778
2/3/2025,590.8317871
2/4/2025,594.7952271
2/5/2025,597.2068481
2/6/2025,599.2825317
2/7/2025,593.796936
2/10/2025,597.8295288
2/11/2025,598.2843018
2/12/2025,596.3568115
2/13/2025,602.6529541
2/14/2025,602.623291
2/18/2025,604.3924561
2/19/2025,605.8157959
2/20/2025,603.2954102
2/21/2025,592.9765625
2/24/2025,590.2782593
2/25/2025,587.3427124
2/26/2025,587.6392822
2/27/2025,578.2593994
2/28/2025,587.2834473
3/3/2025,576.9942627
3/4/2025,570.1644897
3/5/2025,576.2924805
3/6/2025,566.0626831
3/7/2025,569.2353516
3/10/2025,554.0734863
3/11/2025,549.4675293
3/12/2025,552.3833008
3/13/2025,545.0197144
3/14/2025,556.2775269
3/17/2025,560.5671997
3/18/2025,554.5083618
3/19/2025,560.5474243
3/20/2025,558.9264526
3/21/2025,559.1108398
3/24/2025,569.1236572
3/25/2025,570.4917603
3/26/2025,563.6810303
3/27/2025,562.184082
3/28/2025,550.8626709
3/31/2025,554.5604858
4/1/2025,556.12677
4/2/2025,559.6462402
4/3/2025,532.0663452
4/4/2025,500.9176331
4/7/2025,500.0253906
4/8/2025,492.193634
4/9/2025,543.8834839
4/10/2025,520.0510254
4/11/2025,529.3301392
4/14/2025,534.4654541
4/15/2025,532.9684448
4/16/2025,521.1216431
4/17/2025,521.8651733
4/21/2025,509.4433594
4/22/2025,522.697998
4/23/2025,530.7973633
4/24/2025,541.9701538
4/25/2025,545.8860474
4/28/2025,546.0941772
4/29/2025,549.5342407
4/30/2025,549.7523804
5/1/2025,553.6483765
5/2/2025,561.8668213
5/5/2025,558.6448364
5/6/2025,553.9755249
5/7/2025,556.3052979
5/8/2025,560.1815186
5/9/2025,559.4677124
5/12/2025,577.9567261
5/13/2025,581.7735596
5/14/2025,582.5170898
5/15/2025,585.3622437
5/16/2025,589.0698853
5/19/2025,589.7142944
5/20/2025,587.7315674
5/21/2025,577.8278809
5/22/2025,578.0558472
5/23/2025,574.1102295
5/27/2025,586.0463257
5/28/2025,582.6558228
5/29/2025,584.9557495
5/30/2025,584.3015137
6/2/2025,587.5928345
6/3/2025,590.9436646
6/4/2025,590.7849731
6/5/2025,587.9298096
6/6/2025,593.9672852
6/9/2025,594.5026245
6/10/2025,597.87323
6/11/2025,596.1681519
6/12/2025,598.5374756
6/13/2025,591.8457642
6/16/2025,597.4766846
6/17/2025,592.3712158
6/18/2025,592.2819824
6/20/2025,590.8909302
6/23/2025,596.727478
6/24/2025,603.3196411
6/25/2025,603.6577148
6/26/2025,608.3806152
6/27/2025,611.4032593
6/30/2025,614.3265381
7/1/2025,614.1276855
7/2/2025,616.9116821
7/3/2025,621.7738037
7/7/2025,617.1403809
7/8/2025,616.8023682
7/9/2025,620.5010986
7/10/2025,622.2510986
7/11/2025,620.0635986
7/14/2025,621.2467651
7/15/2025,618.592041
7/16/2025,620.6601563
7/17/2025,624.458374
7/18/2025,624.0010376
7/21/2025,625.1842651
7/22/2025,625.2737427
7/23/2025,630.5932617
7/24/2025,630.802002
7/25/2025,633.4667358
7/28/2025,633.3076782
7/29/2025,631.637207
7/30/2025,630.8417969
7/31/2025,628.4754028
8/1/2025,618.1743774
8/4/2025,627.5704956
8/5/2025,624.3887329
8/6/2025,629.1713867
8/7/2025,628.6443481
8/8/2025,633.5462646
8/11/2025,632.293457
8/12/2025,639.0249023
8/13/2025,641.2123413
8/14/2025,641.2719727
8/15/2025,639.7706299
8/18/2025,639.6313477
8/19/2025,636.1612549
8/20/2025,634.4709473
8/21/2025,631.9255371
8/22/2025,641.6299438
8/25/2025,638.8060303
8/26/2025,641.4807739
8/27/2025,642.9423828
8/28/2025,645.2192993
8/29/2025,641.3713989
9/2/2025,636.6186523
9/3/2025,640.0688477
9/4/2025,645.4181519
9/5/2025,643.5488892
9/8/2025,645.1298218
9/9/2025,646.6212769
9/10/2025,648.4906006
9/11/2025,653.8796997
9/12/2025,653.6608887
9/15/2025,657.1409302
9/16/2025,656.236145
9/17/2025,655.4208374
9/18/2025,658.4832764
9/19/2025,661.7446289
9/22/2025,664.8753662
9/23/2025,661.2561035
9/24/2025,659.1522217
9/25/2025,656.1112671
9/26/2025,659.8701782
9/29/2025,661.7246704
9/30/2025,664.2172852
10/1/2025,666.4806519
10/2/2025,667.248291
10/3/2025,667.2384033
10/6/2025,669.6312866
10/7/2025,667.1486206
10/8/2025,671.1268921
10/9/2025,669.1826172
10/10/2025,651.0960693
10/13/2025,661.0865479
10/14/2025,660.2789307
10/15/2025,663.2102661
10/16/2025,658.6936646
10/17/2025,662.4326172
10/20/2025,669.3222046
10/21/2025,669.3121948
10/22/2025,665.8325195
10/23/2025,669.7808838
10/24/2025,675.2546997
10/27/2025,683.2211304
10/28/2025,685.0357666
10/29/2025,685.3648071
10/30/2025,677.8270874
10/31/2025,680.0505371
11/3/2025,681.3267822
11/4/2025,673.2506104
11/5/2025,675.5837402
11/6/2025,668.335144
11/7/2025,668.9931641
11/10/2025,679.432373
11/11/2025,680.9877319
11/12/2025,681.3666382
11/13/2025,670.0599976
11/14/2025,669.9503784
11/17/2025,663.7088013
11/18/2025,658.1353149
11/19/2025,660.6777954
11/20/2025,650.6075439
11/21/2025,657.0883789
11/24/2025,666.7597656
11/25/2025,673.03125
11/26/2025,677.6775513
11/28/2025,681.3765869
12/1/2025,678.2658081
12/2/2025,679.5220947
12/3/2025,681.8751221
12/4/2025,682.3736572
12/5/2025,683.6697998
12/8/2025,681.6159058
12/9/2025,681.0275879
12/10/2025,685.5443115
12/11/2025,687.1395264
12/12/2025,679.7514038
12/15/2025,678.7244263
12/16/2025,676.8699341
12/17/2025,669.421936
12/18/2025,674.4769287
12/19/2025,680.5900269
12/22/2025,684.8300171
12/23/2025,687.960022
12/24/2025,690.3800049
12/26/2025,690.3099976
12/29/2025,687.8499756
12/30/2025,687.0100098
